beta,load_comb,d,f_cck,chi1,chi2,rho,dg,L,c,weight
3.86488583799603,traffic,100,30,0.1,0,0.01,16,5000,250,0
4.04543161190981,traffic,100,30,0.2,0,0.01,16,5000,250,0.2564
4.22793806852944,traffic,100,30,0.3,0,0.01,16,5000,250,0.9295
4.40448031013619,traffic,100,30,0.4,0,0.01,16,5000,250,1
4.6981727153576,traffic,100,30,0.5,0,0.01,16,5000,250,0.7692
4.73729035267159,traffic,100,30,0.6,0,0.01,16,5000,250,0.2564
4.74291354612208,traffic,100,30,0.7,0,0.01,16,5000,250,0.0769
4.71193524221422,traffic,100,30,0.8,0,0.01,16,5000,250,0
4.6613622355693,traffic,100,30,0.9,0,0.01,16,5000,250,0
3.73089922417724,traffic,100,60,0.1,0,0.01,16,5000,250,0
3.91196496917193,traffic,100,60,0.2,0,0.01,16,5000,250,0.2564
4.09531221993751,traffic,100,60,0.3,0,0.01,16,5000,250,0.9295
4.27311418986124,traffic,100,60,0.4,0,0.01,16,5000,250,1
4.56996374577371,traffic,100,60,0.5,0,0.01,16,5000,250,0.7692
4.61480461186878,traffic,100,60,0.6,0,0.01,16,5000,250,0.2564
4.6253283903061,traffic,100,60,0.7,0,0.01,16,5000,250,0.0769
4.59897505811873,traffic,100,60,0.8,0,0.01,16,5000,250,0
4.55247430389962,traffic,100,60,0.9,0,0.01,16,5000,250,0
3.7829215510895,traffic,100,80,0.1,0,0.01,16,5000,250,0
3.96462806481612,traffic,100,80,0.2,0,0.01,16,5000,250,0.2564
4.14846694071928,traffic,100,80,0.3,0,0.01,16,5000,250,0.9295
4.32649214390616,traffic,100,80,0.4,0,0.01,16,5000,250,1
4.62305210209672,traffic,100,80,0.5,0,0.01,16,5000,250,0.7692
4.66466026878432,traffic,100,80,0.6,0,0.01,16,5000,250,0.2564
4.67241244722644,traffic,100,80,0.7,0,0.01,16,5000,250,0.0769
4.6433632622671,traffic,100,80,0.8,0,0.01,16,5000,250,0
4.59453212851867,traffic,100,80,0.9,0,0.01,16,5000,250,0
3.95697195270864,traffic,110,30,0.1,0,0.01,16,5000,250,0
4.14634466498794,traffic,110,30,0.2,0,0.01,16,5000,250,0.2564
4.33791498036276,traffic,110,30,0.3,0,0.01,16,5000,250,0.9295
4.52264488193213,traffic,110,30,0.4,0,0.01,16,5000,250,1
4.7968946080457,traffic,110,30,0.5,0,0.01,16,5000,250,0.7692
4.84606625130805,traffic,110,30,0.6,0,0.01,16,5000,250,0.2564
4.83654211048453,traffic,110,30,0.7,0,0.01,16,5000,250,0.0769
4.79220657276813,traffic,110,30,0.8,0,0.01,16,5000,250,0
4.73115761191779,traffic,110,30,0.9,0,0.01,16,5000,250,0
3.81974678796789,traffic,110,60,0.1,0,0.01,16,5000,250,0
4.00952743990571,traffic,110,60,0.2,0,0.01,16,5000,250,0.2564
4.20181780492693,traffic,110,60,0.3,0,0.01,16,5000,250,0.9295
4.38772795804153,traffic,110,60,0.4,0,0.01,16,5000,250,1
4.6672388256366,traffic,110,60,0.5,0,0.01,16,5000,250,0.7692
4.72140046602203,traffic,110,60,0.6,0,0.01,16,5000,250,0.2564
4.71740891796965,traffic,110,60,0.7,0,0.01,16,5000,250,0.0769
4.67803667364477,traffic,110,60,0.8,0,0.01,16,5000,250,0
4.62117103920389,traffic,110,60,0.9,0,0.01,16,5000,250,0
3.87398600443075,traffic,110,80,0.1,0,0.01,16,5000,250,0
4.06460783611072,traffic,110,80,0.2,0,0.01,16,5000,250,0.2564
4.25759797761731,traffic,110,80,0.3,0,0.01,16,5000,250,0.9295
4.44390641277282,traffic,110,80,0.4,0,0.01,16,5000,250,1
4.72177178600318,traffic,110,80,0.5,0,0.01,16,5000,250,0.7692
4.77310221964211,traffic,110,80,0.6,0,0.01,16,5000,250,0.2564
4.76576030428813,traffic,110,80,0.7,0,0.01,16,5000,250,0.0769
4.72339264425382,traffic,110,80,0.8,0,0.01,16,5000,250,0
4.66400132541378,traffic,110,80,0.9,0,0.01,16,5000,250,0
4.02774001183921,traffic,120,30,0.1,0,0.01,16,5000,250,0
4.22379357630225,traffic,120,30,0.2,0,0.01,16,5000,250,0.2564
4.42219331623066,traffic,120,30,0.3,0,0.01,16,5000,250,0.9295
4.61296152141886,traffic,120,30,0.4,0,0.01,16,5000,250,1
4.8872100347015,traffic,120,30,0.5,0,0.01,16,5000,250,0.7692
4.92616195299124,traffic,120,30,0.6,0,0.01,16,5000,250,0.2564
4.90489603815989,traffic,120,30,0.7,0,0.01,16,5000,250,0.0769
4.8508203267128,traffic,120,30,0.8,0,0.01,16,5000,250,0
4.78222801511676,traffic,120,30,0.9,0,0.01,16,5000,250,0
3.88821020363405,traffic,120,60,0.1,0,0.01,16,5000,250,0
4.08461513044463,traffic,120,60,0.2,0,0.01,16,5000,250,0.2564
4.28367302383388,traffic,120,60,0.3,0,0.01,16,5000,250,0.9295
4.47560519510974,traffic,120,60,0.4,0,0.01,16,5000,250,1
4.75564672103084,traffic,120,60,0.5,0,0.01,16,5000,250,0.7692
4.80023658661379,traffic,120,60,0.6,0,0.01,16,5000,250,0.2564
4.78487724795916,traffic,120,60,0.7,0,0.01,16,5000,250,0.0769
4.73591234825052,traffic,120,60,0.8,0,0.01,16,5000,250,0
4.67156882359387,traffic,120,60,0.9,0,0.01,16,5000,250,0
3.94413479336441,traffic,120,80,0.1,0,0.01,16,5000,250,0
4.14152830748087,traffic,120,80,0.2,0,0.01,16,5000,250,0.2564
4.34144290889329,traffic,120,80,0.3,0,0.01,16,5000,250,0.9295
4.53389484560585,traffic,120,80,0.4,0,0.01,16,5000,250,1
4.8119674277351,traffic,120,80,0.5,0,0.01,16,5000,250,0.7692
4.85315691959853,traffic,120,80,0.6,0,0.01,16,5000,250,0.2564
4.83407539175441,traffic,120,80,0.7,0,0.01,16,5000,250,0.0769
4.78191009809315,traffic,120,80,0.8,0,0.01,16,5000,250,0
4.71495452295411,traffic,120,80,0.9,0,0.01,16,5000,250,0
4.08309640165342,traffic,130,30,0.1,0,0.01,16,5000,250,0
4.28429522728009,traffic,130,30,0.2,0,0.01,16,5000,250,0.2564
4.4879746579772,traffic,130,30,0.3,0,0.01,16,5000,250,0.9295
4.68323591690117,traffic,130,30,0.4,0,0.01,16,5000,250,1
4.95642228373752,traffic,130,30,0.5,0,0.01,16,5000,250,0.7692
4.98675648567375,traffic,130,30,0.6,0,0.01,16,5000,250,0.2564
4.95638575102572,traffic,130,30,0.7,0,0.01,16,5000,250,0.0769
4.89502730747297,traffic,130,30,0.8,0,0.01,16,5000,250,0
4.82083945989672,traffic,130,30,0.9,0,0.01,16,5000,250,0
3.94188374486453,traffic,130,60,0.1,0,0.01,16,5000,250,0
4.14340380261975,traffic,130,60,0.2,0,0.01,16,5000,250,0.2564
4.34766682899963,traffic,130,60,0.3,0,0.01,16,5000,250,0.9295
4.54415307790691,traffic,130,60,0.4,0,0.01,16,5000,250,1
4.82358132533919,traffic,130,60,0.5,0,0.01,16,5000,250,0.7692
4.86005339457679,traffic,130,60,0.6,0,0.01,16,5000,250,0.2564
4.83581586752314,traffic,130,60,0.7,0,0.01,16,5000,250,0.0769
4.77963608204618,traffic,130,60,0.8,0,0.01,16,5000,250,0
4.70972214845864,traffic,130,60,0.9,0,0.01,16,5000,250,0
3.99910984056179,traffic,130,80,0.1,0,0.01,16,5000,250,0
4.2017304428755,traffic,130,80,0.2,0,0.01,16,5000,250,0.2564
4.40696800834727,traffic,130,80,0.3,0,0.01,16,5000,250,0.9295
4.60405902820764,traffic,130,80,0.4,0,0.01,16,5000,250,1
4.88118665639313,traffic,130,80,0.5,0,0.01,16,5000,250,0.7692
4.91380921411326,traffic,130,80,0.6,0,0.01,16,5000,250,0.2564
4.88558658671527,traffic,130,80,0.7,0,0.01,16,5000,250,0.0769
4.82608576645525,traffic,130,80,0.8,0,0.01,16,5000,250,0
4.75349221087346,traffic,130,80,0.9,0,0.01,16,5000,250,0
4.19673130599311,wind_imposed,100,30,0.1,0.1,0.01,16,5000,250,0
4.30020296199873,wind_imposed,110,30,0.1,0.1,0.01,16,5000,250,0
4.37934347519245,wind_imposed,120,30,0.1,0.1,0.01,16,5000,250,0
4.4410903107565,wind_imposed,130,30,0.1,0.1,0.01,16,5000,250,0
4.06570127171083,wind_imposed,100,60,0.1,0.1,0.01,16,5000,250,0
4.16587891838979,wind_imposed,110,60,0.1,0.1,0.01,16,5000,250,0
4.24271214174773,wind_imposed,120,60,0.1,0.1,0.01,16,5000,250,0
4.30270815654165,wind_imposed,130,60,0.1,0.1,0.01,16,5000,250,0
4.11779412560243,wind_imposed,100,80,0.1,0.1,0.01,16,5000,250,0
4.22039380469106,wind_imposed,110,80,0.1,0.1,0.01,16,5000,250,0
4.2990569031172,wind_imposed,120,80,0.1,0.1,0.01,16,5000,250,0
4.360458766239,wind_imposed,130,80,0.1,0.1,0.01,16,5000,250,0
4.43878118989235,wind_imposed,100,30,0.2,0.1,0.01,16,5000,250,0
4.55225326280019,wind_imposed,110,30,0.2,0.1,0.01,16,5000,250,0
4.63874344842366,wind_imposed,120,30,0.2,0.1,0.01,16,5000,250,0
4.7059256523966,wind_imposed,130,30,0.2,0.1,0.01,16,5000,250,0
4.30953585040436,wind_imposed,100,60,0.2,0.1,0.01,16,5000,250,0
4.41963914386758,wind_imposed,110,60,0.2,0.1,0.01,16,5000,250,0
4.50379236708134,wind_imposed,120,60,0.2,0.1,0.01,16,5000,250,0
4.56931079922299,wind_imposed,130,60,0.2,0.1,0.01,16,5000,250,0
4.3618630096632,wind_imposed,100,80,0.2,0.1,0.01,16,5000,250,0
4.47457715056004,wind_imposed,110,80,0.2,0.1,0.01,16,5000,250,0
4.56070761740841,wind_imposed,120,80,0.2,0.1,0.01,16,5000,250,0
4.62773502217575,wind_imposed,130,80,0.2,0.1,0.01,16,5000,250,0
4.82894158646306,wind_imposed,100,30,0.3,0.1,0.01,16,5000,250,0
4.95618147031703,wind_imposed,110,30,0.3,0.1,0.01,16,5000,250,0
5.05207130257183,wind_imposed,120,30,0.3,0.1,0.01,16,5000,250,0
5.1258295418443,wind_imposed,130,30,0.3,0.1,0.01,16,5000,250,0
4.70365670166721,wind_imposed,100,60,0.3,0.1,0.01,16,5000,250,0
4.82756014085697,wind_imposed,110,60,0.3,0.1,0.01,16,5000,250,0
4.92127767871189,wind_imposed,120,60,0.3,0.1,0.01,16,5000,250,0
4.99354130062909,wind_imposed,130,60,0.3,0.1,0.01,16,5000,250,0
4.75566026997995,wind_imposed,100,80,0.3,0.1,0.01,16,5000,250,0
4.88236008908399,wind_imposed,110,80,0.3,0.1,0.01,16,5000,250,0
4.97809999822401,wind_imposed,120,80,0.3,0.1,0.01,16,5000,250,0
5.05191504939654,wind_imposed,130,80,0.3,0.1,0.01,16,5000,250,0
4.66171118626835,wind_imposed,100,30,0.4,0.1,0.01,16,5000,250,0
4.69748234294063,wind_imposed,110,30,0.4,0.1,0.01,16,5000,250,0
4.72330188215009,wind_imposed,120,30,0.4,0.1,0.01,16,5000,250,0
4.74265828387795,wind_imposed,130,30,0.4,0.1,0.01,16,5000,250,0
4.57455489835084,wind_imposed,100,60,0.4,0.1,0.01,16,5000,250,0
4.61064568085828,wind_imposed,110,60,0.4,0.1,0.01,16,5000,250,0
4.63669386934391,wind_imposed,120,60,0.4,0.1,0.01,16,5000,250,0
4.65623052966276,wind_imposed,130,60,0.4,0.1,0.01,16,5000,250,0
4.60609803476363,wind_imposed,100,80,0.4,0.1,0.01,16,5000,250,0
4.64211060924162,wind_imposed,110,80,0.4,0.1,0.01,16,5000,250,0
4.66809935325056,wind_imposed,120,80,0.4,0.1,0.01,16,5000,250,0
4.68758218356811,wind_imposed,130,80,0.4,0.1,0.01,16,5000,250,0
4.48039536603736,wind_imposed,100,30,0.5,0.1,0.01,16,5000,250,0
4.50678258044839,wind_imposed,110,30,0.5,0.1,0.01,16,5000,250,0
4.52615078603006,wind_imposed,120,30,0.5,0.1,0.01,16,5000,250,0
4.54073721643026,wind_imposed,130,30,0.5,0.1,0.01,16,5000,250,0
4.40117478883912,wind_imposed,100,60,0.5,0.1,0.01,16,5000,250,0
4.42760185546135,wind_imposed,110,60,0.5,0.1,0.01,16,5000,250,0
4.44692813666268,wind_imposed,120,60,0.5,0.1,0.01,16,5000,250,0
4.46164868729065,wind_imposed,130,60,0.5,0.1,0.01,16,5000,250,0
4.42893094330535,wind_imposed,100,80,0.5,0.1,0.01,16,5000,250,0
4.45534787373258,wind_imposed,110,80,0.5,0.1,0.01,16,5000,250,0
4.4747176059837,wind_imposed,120,80,0.5,0.1,0.01,16,5000,250,0
4.48938997681416,wind_imposed,130,80,0.5,0.1,0.01,16,5000,250,0
4.32707533366367,wind_imposed,100,30,0.6,0.1,0.01,16,5000,250,0
4.34812068807586,wind_imposed,110,30,0.6,0.1,0.01,16,5000,250,0
4.36363186710484,wind_imposed,120,30,0.6,0.1,0.01,16,5000,250,0
4.3754636389187,wind_imposed,130,30,0.6,0.1,0.01,16,5000,250,0
4.25327113139645,wind_imposed,100,60,0.6,0.1,0.01,16,5000,250,0
4.27427702164574,wind_imposed,110,60,0.6,0.1,0.01,16,5000,250,0
4.28978081854325,wind_imposed,120,60,0.6,0.1,0.01,16,5000,250,0
4.30154307855012,wind_imposed,130,60,0.6,0.1,0.01,16,5000,250,0
4.27855737571879,wind_imposed,100,80,0.6,0.1,0.01,16,5000,250,0
4.29962727212846,wind_imposed,110,80,0.6,0.1,0.01,16,5000,250,0
4.31515652353062,wind_imposed,120,80,0.6,0.1,0.01,16,5000,250,0
4.32695619297505,wind_imposed,130,80,0.6,0.1,0.01,16,5000,250,0
4.19814209809852,wind_imposed,100,30,0.7,0.1,0.01,16,5000,250,0
4.21567479770753,wind_imposed,110,30,0.7,0.1,0.01,16,5000,250,0
4.22869303692002,wind_imposed,120,30,0.7,0.1,0.01,16,5000,250,0
4.2386150821872,wind_imposed,130,30,0.7,0.1,0.01,16,5000,250,0
4.12851858658163,wind_imposed,100,60,0.7,0.1,0.01,16,5000,250,0
4.14592975704315,wind_imposed,110,60,0.7,0.1,0.01,16,5000,250,0
4.15887513927467,wind_imposed,120,60,0.7,0.1,0.01,16,5000,250,0
4.16874056188747,wind_imposed,130,60,0.7,0.1,0.01,16,5000,250,0
4.15199571950677,wind_imposed,100,80,0.7,0.1,0.01,16,5000,250,0
4.16948383861834,wind_imposed,110,80,0.7,0.1,0.01,16,5000,250,0
4.18245249035564,wind_imposed,120,80,0.7,0.1,0.01,16,5000,250,0
4.19236392053465,wind_imposed,130,80,0.7,0.1,0.01,16,5000,250,0
4.08863365006434,wind_imposed,100,30,0.8,0.1,0.01,16,5000,250,0
4.10365095910688,wind_imposed,110,30,0.8,0.1,0.01,16,5000,250,0
4.11484709444438,wind_imposed,120,30,0.8,0.1,0.01,16,5000,250,0
4.12339354383019,wind_imposed,130,30,0.8,0.1,0.01,16,5000,250,0
4.02249891256418,wind_imposed,100,60,0.8,0.1,0.01,16,5000,250,0
4.0373720521061,wind_imposed,110,60,0.8,0.1,0.01,16,5000,250,0
4.04846126537576,wind_imposed,120,60,0.8,0.1,0.01,16,5000,250,0
4.05695850110019,wind_imposed,130,60,0.8,0.1,0.01,16,5000,250,0
4.04453627591349,wind_imposed,100,80,0.8,0.1,0.01,16,5000,250,0
4.05949099615047,wind_imposed,110,80,0.8,0.1,0.01,16,5000,250,0
4.07063247856681,wind_imposed,120,80,0.8,0.1,0.01,16,5000,250,0
4.07914959400727,wind_imposed,130,80,0.8,0.1,0.01,16,5000,250,0
3.9948713246055,wind_imposed,100,30,0.9,0.1,0.01,16,5000,250,0
4.00804115906228,wind_imposed,110,30,0.9,0.1,0.01,16,5000,250,0
4.01787175047862,wind_imposed,120,30,0.9,0.1,0.01,16,5000,250,0
4.02541393308036,wind_imposed,130,30,0.9,0.1,0.01,16,5000,250,0
3.93148833268362,wind_imposed,100,60,0.9,0.1,0.01,16,5000,250,0
3.9445035589163,wind_imposed,110,60,0.9,0.1,0.01,16,5000,250,0
3.95429561030467,wind_imposed,120,60,0.9,0.1,0.01,16,5000,250,0
3.9616890303888,wind_imposed,130,60,0.9,0.1,0.01,16,5000,250,0
3.95238728454124,wind_imposed,100,80,0.9,0.1,0.01,16,5000,250,0
3.96546829547901,wind_imposed,110,80,0.9,0.1,0.01,16,5000,250,0
3.97525196963722,wind_imposed,120,80,0.9,0.1,0.01,16,5000,250,0
3.98274445540284,wind_imposed,130,80,0.9,0.1,0.01,16,5000,250,0
4.65751868473044,wind_imposed,100,30,0.1,0.3,0.01,16,5000,250,0
4.76436661191926,wind_imposed,110,30,0.1,0.3,0.01,16,5000,250,0
4.84361785978078,wind_imposed,120,30,0.1,0.3,0.01,16,5000,250,0
4.90387032772315,wind_imposed,130,30,0.1,0.3,0.01,16,5000,250,0
4.53428573305588,wind_imposed,100,60,0.1,0.3,0.01,16,5000,250,0
4.63873247742468,wind_imposed,110,60,0.1,0.3,0.01,16,5000,250,0
4.71654934742124,wind_imposed,120,60,0.1,0.3,0.01,16,5000,250,0
4.77588605676504,wind_imposed,130,60,0.1,0.3,0.01,16,5000,250,0
4.58420872365802,wind_imposed,100,80,0.1,0.3,0.01,16,5000,250,0
4.69060630505083,wind_imposed,110,80,0.1,0.3,0.01,16,5000,250,0
4.76973948662259,wind_imposed,120,80,0.1,0.3,0.01,16,5000,250,0
4.82998234769093,wind_imposed,130,80,0.1,0.3,0.01,16,5000,250,0
4.84604244557468,wind_imposed,100,30,0.2,0.3,0.01,16,5000,250,0.2383
4.96084559218547,wind_imposed,110,30,0.2,0.3,0.01,16,5000,250,0.2383
5.04562424665632,wind_imposed,120,30,0.2,0.3,0.01,16,5000,250,0.2383
5.10979454613496,wind_imposed,130,30,0.2,0.3,0.01,16,5000,250,0.2383
4.7239797104801,wind_imposed,100,60,0.2,0.3,0.01,16,5000,250,0.2383
4.83631877258059,wind_imposed,110,60,0.2,0.3,0.01,16,5000,250,0.2383
4.91963211994024,wind_imposed,120,60,0.2,0.3,0.01,16,5000,250,0.2383
4.9829403359344,wind_imposed,130,60,0.2,0.3,0.01,16,5000,250,0.2383
4.77410415854859,wind_imposed,100,80,0.2,0.3,0.01,16,5000,250,0.2383
4.88855140158254,wind_imposed,110,80,0.2,0.3,0.01,16,5000,250,0.2383
4.97325168568321,wind_imposed,120,80,0.2,0.3,0.01,16,5000,250,0.2383
5.03751299513138,wind_imposed,130,80,0.2,0.3,0.01,16,5000,250,0.2383
5.16294643873347,wind_imposed,100,30,0.3,0.3,0.01,16,5000,250,0.8639
5.29054743635366,wind_imposed,110,30,0.3,0.3,0.01,16,5000,250,0.8639
5.38404904115997,wind_imposed,120,30,0.3,0.3,0.01,16,5000,250,0.8639
5.45440711236611,wind_imposed,130,30,0.3,0.3,0.01,16,5000,250,0.8639
5.04333154170942,wind_imposed,100,60,0.3,0.3,0.01,16,5000,250,0.8639
5.1683452645317,wind_imposed,110,60,0.3,0.3,0.01,16,5000,250,0.8639
5.26036710149835,wind_imposed,120,60,0.3,0.3,0.01,16,5000,250,0.8639
5.32987115172246,wind_imposed,130,60,0.3,0.3,0.01,16,5000,250,0.8639
5.09349503539525,wind_imposed,100,80,0.3,0.3,0.01,16,5000,250,0.8639
5.22084092397335,wind_imposed,110,80,0.3,0.3,0.01,16,5000,250,0.8639
5.31438705294832,wind_imposed,120,80,0.3,0.3,0.01,16,5000,250,0.8639
5.38491143970148,wind_imposed,130,80,0.3,0.3,0.01,16,5000,250,0.8639
4.96339492163972,wind_imposed,100,30,0.4,0.3,0.01,16,5000,250,0.9295
5.00175796807145,wind_imposed,110,30,0.4,0.3,0.01,16,5000,250,0.9295
5.02927200544289,wind_imposed,120,30,0.4,0.3,0.01,16,5000,250,0.9295
5.04982431995246,wind_imposed,130,30,0.4,0.3,0.01,16,5000,250,0.9295
4.87740127588332,wind_imposed,100,60,0.4,0.3,0.01,16,5000,250,0.9295
4.91616118748004,wind_imposed,110,60,0.4,0.3,0.01,16,5000,250,0.9295
4.94398092274012,wind_imposed,120,60,0.4,0.3,0.01,16,5000,250,0.9295
4.96469755242985,wind_imposed,130,60,0.4,0.3,0.01,16,5000,250,0.9295
4.90894935195488,wind_imposed,100,80,0.4,0.3,0.01,16,5000,250,0.9295
4.94759104422429,wind_imposed,110,80,0.4,0.3,0.01,16,5000,250,0.9295
4.97528542168204,wind_imposed,120,80,0.4,0.3,0.01,16,5000,250,0.9295
4.99596693952196,wind_imposed,130,80,0.4,0.3,0.01,16,5000,250,0.9295
4.71505896392453,wind_imposed,100,30,0.5,0.3,0.01,16,5000,250,0.715
4.74315126734486,wind_imposed,110,30,0.5,0.3,0.01,16,5000,250,0.715
4.76367021686977,wind_imposed,120,30,0.5,0.3,0.01,16,5000,250,0.715
4.77918601293995,wind_imposed,130,30,0.5,0.3,0.01,16,5000,250,0.715
4.63630020326389,wind_imposed,100,60,0.5,0.3,0.01,16,5000,250,0.715
4.66447852340464,wind_imposed,110,60,0.5,0.3,0.01,16,5000,250,0.715
4.68507484321661,wind_imposed,120,60,0.5,0.3,0.01,16,5000,250,0.715
4.70062639688594,wind_imposed,130,60,0.5,0.3,0.01,16,5000,250,0.715
4.66415356637474,wind_imposed,100,80,0.5,0.3,0.01,16,5000,250,0.715
4.6923658567382,wind_imposed,110,80,0.5,0.3,0.01,16,5000,250,0.715
4.71292401302609,wind_imposed,120,80,0.5,0.3,0.01,16,5000,250,0.715
4.72851807776427,wind_imposed,130,80,0.5,0.3,0.01,16,5000,250,0.715
4.50384702932883,wind_imposed,100,30,0.6,0.3,0.01,16,5000,250,0.2383
4.52612607109151,wind_imposed,110,30,0.6,0.3,0.01,16,5000,250,0.2383
4.54248977943735,wind_imposed,120,30,0.6,0.3,0.01,16,5000,250,0.2383
4.55493590758355,wind_imposed,130,30,0.6,0.3,0.01,16,5000,250,0.2383
4.43011381581681,wind_imposed,100,60,0.6,0.3,0.01,16,5000,250,0.2383
4.4523340094092,wind_imposed,110,60,0.6,0.3,0.01,16,5000,250,0.2383
4.46867784324809,wind_imposed,120,60,0.6,0.3,0.01,16,5000,250,0.2383
4.48111121096342,wind_imposed,130,60,0.6,0.3,0.01,16,5000,250,0.2383
4.45559315047888,wind_imposed,100,80,0.6,0.3,0.01,16,5000,250,0.2383
4.4778178648614,wind_imposed,110,80,0.6,0.3,0.01,16,5000,250,0.2383
4.49422437932148,wind_imposed,120,80,0.6,0.3,0.01,16,5000,250,0.2383
4.50668444806634,wind_imposed,130,80,0.6,0.3,0.01,16,5000,250,0.2383
4.32381150314232,wind_imposed,100,30,0.7,0.3,0.01,16,5000,250,0.0715
4.34221118746112,wind_imposed,110,30,0.7,0.3,0.01,16,5000,250,0.0715
4.35576695583495,wind_imposed,120,30,0.7,0.3,0.01,16,5000,250,0.0715
4.36612397228816,wind_imposed,130,30,0.7,0.3,0.01,16,5000,250,0.0715
4.25408006823484,wind_imposed,100,60,0.7,0.3,0.01,16,5000,250,0.0715
4.2723150866512,wind_imposed,110,60,0.7,0.3,0.01,16,5000,250,0.0715
4.28583502242305,wind_imposed,120,60,0.7,0.3,0.01,16,5000,250,0.0715
4.29616182140437,wind_imposed,130,60,0.7,0.3,0.01,16,5000,250,0.0715
4.27775110562133,wind_imposed,100,80,0.7,0.3,0.01,16,5000,250,0.0715
4.29602817139422,wind_imposed,110,80,0.7,0.3,0.01,16,5000,250,0.0715
4.30959268014556,wind_imposed,120,80,0.7,0.3,0.01,16,5000,250,0.0715
4.31993447437041,wind_imposed,130,80,0.7,0.3,0.01,16,5000,250,0.0715
4.16855520441169,wind_imposed,100,30,0.8,0.3,0.01,16,5000,250,0
4.1840824450492,wind_imposed,110,30,0.8,0.3,0.01,16,5000,250,0
4.1956405278345,wind_imposed,120,30,0.8,0.3,0.01,16,5000,250,0
4.20439203607664,wind_imposed,130,30,0.8,0.3,0.01,16,5000,250,0
4.1020034630423,wind_imposed,100,60,0.8,0.3,0.01,16,5000,250,0
4.11735868789735,wind_imposed,110,60,0.8,0.3,0.01,16,5000,250,0
4.12879723638343,wind_imposed,120,60,0.8,0.3,0.01,16,5000,250,0
4.13757766500241,wind_imposed,130,60,0.8,0.3,0.01,16,5000,250,0
4.1243347182636,wind_imposed,100,80,0.8,0.3,0.01,16,5000,250,0
4.13961999828458,wind_imposed,110,80,0.8,0.3,0.01,16,5000,250,0
4.15110842701291,wind_imposed,120,80,0.8,0.3,0.01,16,5000,250,0
4.15987542756541,wind_imposed,130,80,0.8,0.3,0.01,16,5000,250,0
4.03298545484238,wind_imposed,100,30,0.9,0.3,0.01,16,5000,250,0
4.04640295608783,wind_imposed,110,30,0.9,0.3,0.01,16,5000,250,0
4.05637660741008,wind_imposed,120,30,0.9,0.3,0.01,16,5000,250,0
4.06404960601485,wind_imposed,130,30,0.9,0.3,0.01,16,5000,250,0
3.96949713991519,wind_imposed,100,60,0.9,0.3,0.01,16,5000,250,0
3.98273964537933,wind_imposed,110,60,0.9,0.3,0.01,16,5000,250,0
3.99262908909804,wind_imposed,120,60,0.9,0.3,0.01,16,5000,250,0
4.00022177380355,wind_imposed,130,60,0.9,0.3,0.01,16,5000,250,0
3.990462843603,wind_imposed,100,80,0.9,0.3,0.01,16,5000,250,0
4.00378890449946,wind_imposed,110,80,0.9,0.3,0.01,16,5000,250,0
4.01371684785753,wind_imposed,120,80,0.9,0.3,0.01,16,5000,250,0
4.02134229358107,wind_imposed,130,80,0.9,0.3,0.01,16,5000,250,0
4.33944848734411,wind_imposed,100,30,0.1,0.5,0.01,16,5000,250,0
4.37483140280083,wind_imposed,110,30,0.1,0.5,0.01,16,5000,250,0
4.40109984764291,wind_imposed,120,30,0.1,0.5,0.01,16,5000,250,0
4.4211548629377,wind_imposed,130,30,0.1,0.5,0.01,16,5000,250,0
4.2495892264378,wind_imposed,100,60,0.1,0.5,0.01,16,5000,250,0
4.28429002945598,wind_imposed,110,60,0.1,0.5,0.01,16,5000,250,0
4.31008019108833,wind_imposed,120,60,0.1,0.5,0.01,16,5000,250,0
4.32980254652655,wind_imposed,130,60,0.1,0.5,0.01,16,5000,250,0
4.28166803356863,wind_imposed,100,80,0.1,0.5,0.01,16,5000,250,0
4.31672524202783,wind_imposed,110,80,0.1,0.5,0.01,16,5000,250,0
4.34277759777781,wind_imposed,120,80,0.1,0.5,0.01,16,5000,250,0
4.36269739706899,wind_imposed,130,80,0.1,0.5,0.01,16,5000,250,0
4.44539004905793,wind_imposed,100,30,0.2,0.5,0.01,16,5000,250,0.1972
4.48258512848266,wind_imposed,110,30,0.2,0.5,0.01,16,5000,250,0.1972
4.51004699358779,wind_imposed,120,30,0.2,0.5,0.01,16,5000,250,0.1972
4.53110880994455,wind_imposed,130,30,0.2,0.5,0.01,16,5000,250,0.1972
4.35533800728373,wind_imposed,100,60,0.2,0.5,0.01,16,5000,250,0.1972
4.39176359501455,wind_imposed,110,60,0.2,0.5,0.01,16,5000,250,0.1972
4.41879326948867,wind_imposed,120,60,0.2,0.5,0.01,16,5000,250,0.1972
4.43942032343185,wind_imposed,130,60,0.2,0.5,0.01,16,5000,250,0.1972
4.3877315192363,wind_imposed,100,80,0.2,0.5,0.01,16,5000,250,0.1972
4.42453587163795,wind_imposed,110,80,0.2,0.5,0.01,16,5000,250,0.1972
4.45183852313623,wind_imposed,120,80,0.2,0.5,0.01,16,5000,250,0.1972
4.47265905755358,wind_imposed,130,80,0.2,0.5,0.01,16,5000,250,0.1972
4.57389138743763,wind_imposed,100,30,0.3,0.5,0.01,16,5000,250,0.715
4.61324320421664,wind_imposed,110,30,0.3,0.5,0.01,16,5000,250,0.715
4.64239411877782,wind_imposed,120,30,0.3,0.5,0.01,16,5000,250,0.715
4.66462206366676,wind_imposed,130,30,0.3,0.5,0.01,16,5000,250,0.715
4.48340803583597,wind_imposed,100,60,0.3,0.5,0.01,16,5000,250,0.715
4.52210780348962,wind_imposed,110,60,0.3,0.5,0.01,16,5000,250,0.715
4.55071472355809,wind_imposed,120,60,0.3,0.5,0.01,16,5000,250,0.715
4.57256872488579,wind_imposed,130,60,0.3,0.5,0.01,16,5000,250,0.715
4.51618745082075,wind_imposed,100,80,0.3,0.5,0.01,16,5000,250,0.715
4.55526020168198,wind_imposed,110,80,0.3,0.5,0.01,16,5000,250,0.715
4.58419237326165,wind_imposed,120,80,0.3,0.5,0.01,16,5000,250,0.715
4.60626407164309,wind_imposed,130,80,0.3,0.5,0.01,16,5000,250,0.715
4.73247548570086,wind_imposed,100,30,0.4,0.5,0.01,16,5000,250,0.7692
4.77492426400693,wind_imposed,110,30,0.4,0.5,0.01,16,5000,250,0.7692
4.80626583363732,wind_imposed,120,30,0.4,0.5,0.01,16,5000,250,0.7692
4.83012481134705,wind_imposed,130,30,0.4,0.5,0.01,16,5000,250,0.7692
4.64154275750991,wind_imposed,100,60,0.4,0.5,0.01,16,5000,250,0.7692
4.68322283167999,wind_imposed,110,60,0.4,0.5,0.01,16,5000,250,0.7692
4.71403393349544,wind_imposed,120,60,0.4,0.5,0.01,16,5000,250,0.7692
4.73750479390217,wind_imposed,130,60,0.4,0.5,0.01,16,5000,250,0.7692
4.67483710077095,wind_imposed,100,80,0.4,0.5,0.01,16,5000,250,0.7692
4.71697851605214,wind_imposed,110,80,0.4,0.5,0.01,16,5000,250,0.7692
4.748104077208,wind_imposed,120,80,0.4,0.5,0.01,16,5000,250,0.7692
4.77180874992787,wind_imposed,130,80,0.4,0.5,0.01,16,5000,250,0.7692
5.05625981057149,wind_imposed,100,30,0.5,0.5,0.01,16,5000,250,0.5917
5.08837039939083,wind_imposed,110,30,0.5,0.5,0.01,16,5000,250,0.5917
5.11160623830202,wind_imposed,120,30,0.5,0.5,0.01,16,5000,250,0.5917
5.12906205353411,wind_imposed,130,30,0.5,0.5,0.01,16,5000,250,0.5917
4.97684484725115,wind_imposed,100,60,0.5,0.5,0.01,16,5000,250,0.5917
5.00913972861275,wind_imposed,110,60,0.5,0.5,0.01,16,5000,250,0.5917
5.03254703752564,wind_imposed,120,60,0.5,0.5,0.01,16,5000,250,0.5917
5.05006162499606,wind_imposed,130,60,0.5,0.5,0.01,16,5000,250,0.5917
5.00551376307365,wind_imposed,100,80,0.5,0.5,0.01,16,5000,250,0.5917
5.03774295073303,wind_imposed,110,80,0.5,0.5,0.01,16,5000,250,0.5917
5.061084134949,wind_imposed,120,80,0.5,0.5,0.01,16,5000,250,0.5917
5.07860655186409,wind_imposed,130,80,0.5,0.5,0.01,16,5000,250,0.5917
4.77708105252618,wind_imposed,100,30,0.6,0.5,0.01,16,5000,250,0.1972
4.80170611242915,wind_imposed,110,30,0.6,0.5,0.01,16,5000,250,0.1972
4.81979732908787,wind_imposed,120,30,0.6,0.5,0.01,16,5000,250,0.1972
4.83344540795722,wind_imposed,130,30,0.6,0.5,0.01,16,5000,250,0.1972
4.70299173501959,wind_imposed,100,60,0.6,0.5,0.01,16,5000,250,0.1972
4.72760943300627,wind_imposed,110,60,0.6,0.5,0.01,16,5000,250,0.1972
4.74568054951456,wind_imposed,120,60,0.6,0.5,0.01,16,5000,250,0.1972
4.75934065768011,wind_imposed,130,60,0.6,0.5,0.01,16,5000,250,0.1972
4.72894939843321,wind_imposed,100,80,0.6,0.5,0.01,16,5000,250,0.1972
4.75361364158844,wind_imposed,110,80,0.6,0.5,0.01,16,5000,250,0.1972
4.7716732923868,wind_imposed,120,80,0.6,0.5,0.01,16,5000,250,0.1972
4.78536141271438,wind_imposed,130,80,0.6,0.5,0.01,16,5000,250,0.1972
4.5271631602314,wind_imposed,100,30,0.7,0.5,0.01,16,5000,250,0.0592
4.54705792957997,wind_imposed,110,30,0.7,0.5,0.01,16,5000,250,0.0592
4.56172642387036,wind_imposed,120,30,0.7,0.5,0.01,16,5000,250,0.0592
4.57289151108081,wind_imposed,130,30,0.7,0.5,0.01,16,5000,250,0.0592
4.45706818464109,wind_imposed,100,60,0.7,0.5,0.01,16,5000,250,0.0592
4.47682141804198,wind_imposed,110,60,0.7,0.5,0.01,16,5000,250,0.0592
4.49142589321063,wind_imposed,120,60,0.7,0.5,0.01,16,5000,250,0.0592
4.50256509815279,wind_imposed,130,60,0.7,0.5,0.01,16,5000,250,0.0592
4.48111960461847,wind_imposed,100,80,0.7,0.5,0.01,16,5000,250,0.0592
4.50087631691188,wind_imposed,110,80,0.7,0.5,0.01,16,5000,250,0.0592
4.51554506953761,wind_imposed,120,80,0.7,0.5,0.01,16,5000,250,0.0592
4.5267058141143,wind_imposed,130,80,0.7,0.5,0.01,16,5000,250,0.0592
4.30282209393115,wind_imposed,100,30,0.8,0.5,0.01,16,5000,250,0
4.31932784934467,wind_imposed,110,30,0.8,0.5,0.01,16,5000,250,0
4.33147348262307,wind_imposed,120,30,0.8,0.5,0.01,16,5000,250,0
4.34079074720825,wind_imposed,130,30,0.8,0.5,0.01,16,5000,250,0
4.23606450934015,wind_imposed,100,60,0.8,0.5,0.01,16,5000,250,0
4.25235001411453,wind_imposed,110,60,0.8,0.5,0.01,16,5000,250,0
4.26448873225622,wind_imposed,120,60,0.8,0.5,0.01,16,5000,250,0
4.27373158890068,wind_imposed,130,60,0.8,0.5,0.01,16,5000,250,0
4.25850010224267,wind_imposed,100,80,0.8,0.5,0.01,16,5000,250,0
4.27486695155518,wind_imposed,110,80,0.8,0.5,0.01,16,5000,250,0
4.28703237598566,wind_imposed,120,80,0.8,0.5,0.01,16,5000,250,0
4.2963333156395,wind_imposed,130,80,0.8,0.5,0.01,16,5000,250,0
4.09937333176304,wind_imposed,100,30,0.9,0.5,0.01,16,5000,250,0
4.11316501205033,wind_imposed,110,30,0.9,0.5,0.01,16,5000,250,0
4.12345748197014,wind_imposed,120,30,0.9,0.5,0.01,16,5000,250,0
4.13135823289092,wind_imposed,130,30,0.9,0.5,0.01,16,5000,250,0
4.03569510140888,wind_imposed,100,60,0.9,0.5,0.01,16,5000,250,0
4.04935645249651,wind_imposed,110,60,0.9,0.5,0.01,16,5000,250,0
4.05956085761762,wind_imposed,120,60,0.9,0.5,0.01,16,5000,250,0
4.067378448874,wind_imposed,130,60,0.9,0.5,0.01,16,5000,250,0
4.05681167664264,wind_imposed,100,80,0.9,0.5,0.01,16,5000,250,0
4.0705158278423,wind_imposed,110,80,0.9,0.5,0.01,16,5000,250,0
4.08074833708566,wind_imposed,120,80,0.9,0.5,0.01,16,5000,250,0
4.08860313667389,wind_imposed,130,80,0.9,0.5,0.01,16,5000,250,0
4.23724548802427,snow_imposed,100,30,0.1,0.1,0.01,16,5000,250,0
4.3419646643292,snow_imposed,110,30,0.1,0.1,0.01,16,5000,250,0
4.42208633869329,snow_imposed,120,30,0.1,0.1,0.01,16,5000,250,0
4.48442349367153,snow_imposed,130,30,0.1,0.1,0.01,16,5000,250,0
4.10665187582438,snow_imposed,100,60,0.1,0.1,0.01,16,5000,250,0
4.20807423048538,snow_imposed,110,60,0.1,0.1,0.01,16,5000,250,0
4.28580368655829,snow_imposed,120,60,0.1,0.1,0.01,16,5000,250,0
4.34646963512457,snow_imposed,130,60,0.1,0.1,0.01,16,5000,250,0
4.15870725625003,snow_imposed,100,80,0.1,0.1,0.01,16,5000,250,0
4.26257102819377,snow_imposed,110,80,0.1,0.1,0.01,16,5000,250,0
4.34214565549566,snow_imposed,120,80,0.1,0.1,0.01,16,5000,250,0
4.40422823761582,snow_imposed,130,80,0.1,0.1,0.01,16,5000,250,0
4.49253514137269,snow_imposed,100,30,0.2,0.1,0.01,16,5000,250,0
4.60483152894094,snow_imposed,110,30,0.2,0.1,0.01,16,5000,250,0
4.69009074341135,snow_imposed,120,30,0.2,0.1,0.01,16,5000,250,0
4.7561341499541,snow_imposed,130,30,0.2,0.1,0.01,16,5000,250,0
4.36474209300926,snow_imposed,100,60,0.2,0.1,0.01,16,5000,250,0
4.47377432246654,snow_imposed,110,60,0.2,0.1,0.01,16,5000,250,0
4.55682612007437,snow_imposed,120,60,0.2,0.1,0.01,16,5000,250,0
4.62131547893137,snow_imposed,130,60,0.2,0.1,0.01,16,5000,250,0
4.41648928636862,snow_imposed,100,80,0.2,0.1,0.01,16,5000,250,0
4.52806245268924,snow_imposed,110,80,0.2,0.1,0.01,16,5000,250,0
4.61300575981797,snow_imposed,120,80,0.2,0.1,0.01,16,5000,250,0
4.67887851218421,snow_imposed,130,80,0.2,0.1,0.01,16,5000,250,0
4.64344692678358,snow_imposed,100,30,0.3,0.1,0.01,16,5000,250,0
4.735670716302,snow_imposed,110,30,0.3,0.1,0.01,16,5000,250,0
4.64054322164782,snow_imposed,120,30,0.3,0.1,0.01,16,5000,250,0
4.66899143178022,snow_imposed,130,30,0.3,0.1,0.01,16,5000,250,0
4.52432895349706,snow_imposed,100,60,0.3,0.1,0.01,16,5000,250,0
4.61540361430511,snow_imposed,110,60,0.3,0.1,0.01,16,5000,250,0
4.68162460857323,snow_imposed,120,60,0.3,0.1,0.01,16,5000,250,0
4.56769110560862,snow_imposed,130,60,0.3,0.1,0.01,16,5000,250,0
4.57186382438437,snow_imposed,100,80,0.3,0.1,0.01,16,5000,250,0
4.6640180799331,snow_imposed,110,80,0.3,0.1,0.01,16,5000,250,0
4.57747549851904,snow_imposed,120,80,0.3,0.1,0.01,16,5000,250,0
4.60594836315899,snow_imposed,130,80,0.3,0.1,0.01,16,5000,250,0
4.30838317088552,snow_imposed,100,30,0.4,0.1,0.01,16,5000,250,0
4.34290428084694,snow_imposed,110,30,0.4,0.1,0.01,16,5000,250,0
4.36842841854495,snow_imposed,120,30,0.4,0.1,0.01,16,5000,250,0
4.38782672086809,snow_imposed,130,30,0.4,0.1,0.01,16,5000,250,0
4.21868327212818,snow_imposed,100,60,0.4,0.1,0.01,16,5000,250,0
4.25280634570063,snow_imposed,110,60,0.4,0.1,0.01,16,5000,250,0
4.27809102342866,snow_imposed,120,60,0.4,0.1,0.01,16,5000,250,0
4.29724751868685,snow_imposed,130,60,0.4,0.1,0.01,16,5000,250,0
4.25068845917,snow_imposed,100,80,0.4,0.1,0.01,16,5000,250,0
4.28505327727698,snow_imposed,110,80,0.4,0.1,0.01,16,5000,250,0
4.31043926324475,snow_imposed,120,80,0.4,0.1,0.01,16,5000,250,0
4.32978595058975,snow_imposed,130,80,0.4,0.1,0.01,16,5000,250,0
4.11065166105701,snow_imposed,100,30,0.5,0.1,0.01,16,5000,250,0
4.13643586594773,snow_imposed,110,30,0.5,0.1,0.01,16,5000,250,0
4.15560651817118,snow_imposed,120,30,0.5,0.1,0.01,16,5000,250,0
4.17026009377837,snow_imposed,130,30,0.5,0.1,0.01,16,5000,250,0
4.02841363776344,snow_imposed,100,60,0.5,0.1,0.01,16,5000,250,0
4.05374730480516,snow_imposed,110,60,0.5,0.1,0.01,16,5000,250,0
4.07263081657673,snow_imposed,120,60,0.5,0.1,0.01,16,5000,250,0
4.08707177592738,snow_imposed,130,60,0.5,0.1,0.01,16,5000,250,0
4.05685340400823,snow_imposed,100,80,0.5,0.1,0.01,16,5000,250,0
4.08242908927561,snow_imposed,110,80,0.5,0.1,0.01,16,5000,250,0
4.10149309652923,snow_imposed,120,80,0.5,0.1,0.01,16,5000,250,0
4.11599382665571,snow_imposed,130,80,0.5,0.1,0.01,16,5000,250,0
3.9455468593535,snow_imposed,100,30,0.6,0.1,0.01,16,5000,250,0
3.96596315281195,snow_imposed,110,30,0.6,0.1,0.01,16,5000,250,0
3.98127057009384,snow_imposed,120,30,0.6,0.1,0.01,16,5000,250,0
3.99298611580088,snow_imposed,130,30,0.6,0.1,0.01,16,5000,250,0
3.868879872401,snow_imposed,100,60,0.6,0.1,0.01,16,5000,250,0
3.88892592033466,snow_imposed,110,60,0.6,0.1,0.01,16,5000,250,0
3.90392533543202,snow_imposed,120,60,0.6,0.1,0.01,16,5000,250,0
3.91542655747916,snow_imposed,130,60,0.6,0.1,0.01,16,5000,250,0
3.89485357374872,snow_imposed,100,80,0.6,0.1,0.01,16,5000,250,0
3.91506572266848,snow_imposed,110,80,0.6,0.1,0.01,16,5000,250,0
3.93021506926915,snow_imposed,120,80,0.6,0.1,0.01,16,5000,250,0
3.94181343801177,snow_imposed,130,80,0.6,0.1,0.01,16,5000,250,0
3.80768165355639,snow_imposed,100,30,0.7,0.1,0.01,16,5000,250,0
3.8245630784175,snow_imposed,110,30,0.7,0.1,0.01,16,5000,250,0
3.8371676808141,snow_imposed,120,30,0.7,0.1,0.01,16,5000,250,0
3.84686186041003,snow_imposed,130,30,0.7,0.1,0.01,16,5000,250,0
3.73532804767484,snow_imposed,100,60,0.7,0.1,0.01,16,5000,250,0
3.75199701899883,snow_imposed,110,60,0.7,0.1,0.01,16,5000,250,0
3.76436438644394,snow_imposed,120,60,0.7,0.1,0.01,16,5000,250,0
3.77387546861947,snow_imposed,130,60,0.7,0.1,0.01,16,5000,250,0
3.75958609012803,snow_imposed,100,80,0.7,0.1,0.01,16,5000,250,0
3.77620839047423,snow_imposed,110,80,0.7,0.1,0.01,16,5000,250,0
3.78869150939863,snow_imposed,120,80,0.7,0.1,0.01,16,5000,250,0
3.79827775296389,snow_imposed,130,80,0.7,0.1,0.01,16,5000,250,0
3.69137339160352,snow_imposed,100,30,0.8,0.1,0.01,16,5000,250,0
3.70564195863206,snow_imposed,110,30,0.8,0.1,0.01,16,5000,250,0
3.71634848426364,snow_imposed,120,30,0.8,0.1,0.01,16,5000,250,0
3.72463821350542,snow_imposed,130,30,0.8,0.1,0.01,16,5000,250,0
3.62298891463938,snow_imposed,100,60,0.8,0.1,0.01,16,5000,250,0
3.63692438552978,snow_imposed,110,60,0.8,0.1,0.01,16,5000,250,0
3.64741572357198,snow_imposed,120,60,0.8,0.1,0.01,16,5000,250,0
3.65547481111427,snow_imposed,130,60,0.8,0.1,0.01,16,5000,250,0
3.64547498703969,snow_imposed,100,80,0.8,0.1,0.01,16,5000,250,0
3.65959180739006,snow_imposed,110,80,0.8,0.1,0.01,16,5000,250,0
3.67013810398648,snow_imposed,120,80,0.8,0.1,0.01,16,5000,250,0
3.67833306850139,snow_imposed,130,80,0.8,0.1,0.01,16,5000,250,0
3.59223017500051,snow_imposed,100,30,0.9,0.1,0.01,16,5000,250,0
3.60459179273148,snow_imposed,110,30,0.9,0.1,0.01,16,5000,250,0
3.61385370047495,snow_imposed,120,30,0.9,0.1,0.01,16,5000,250,0
3.62101630289735,snow_imposed,130,30,0.9,0.1,0.01,16,5000,250,0
3.52693866268945,snow_imposed,100,60,0.9,0.1,0.01,16,5000,250,0
3.53897249657508,snow_imposed,110,60,0.9,0.1,0.01,16,5000,250,0
3.54803390428689,snow_imposed,120,60,0.9,0.1,0.01,16,5000,250,0
3.55502098311647,snow_imposed,130,60,0.9,0.1,0.01,16,5000,250,0
3.54816330382496,snow_imposed,100,80,0.9,0.1,0.01,16,5000,250,0
3.56034125661096,snow_imposed,110,80,0.9,0.1,0.01,16,5000,250,0
3.56951612559969,snow_imposed,120,80,0.9,0.1,0.01,16,5000,250,0
3.57659722985785,snow_imposed,130,80,0.9,0.1,0.01,16,5000,250,0
4.68951258859506,snow_imposed,100,30,0.1,0.3,0.01,16,5000,250,0
4.79735917583166,snow_imposed,110,30,0.1,0.3,0.01,16,5000,250,0
4.87728294106004,snow_imposed,120,30,0.1,0.3,0.01,16,5000,250,0
4.9380146905836,snow_imposed,130,30,0.1,0.3,0.01,16,5000,250,0
4.56657615329623,snow_imposed,100,60,0.1,0.3,0.01,16,5000,250,0
4.67200708434774,snow_imposed,110,60,0.1,0.3,0.01,16,5000,250,0
4.75050157598341,snow_imposed,120,60,0.1,0.3,0.01,16,5000,250,0
4.81032242778517,snow_imposed,130,60,0.1,0.3,0.01,16,5000,250,0
4.61648410226467,snow_imposed,100,80,0.1,0.3,0.01,16,5000,250,0
4.72388318079037,snow_imposed,110,80,0.1,0.3,0.01,16,5000,250,0
4.80368564696458,snow_imposed,120,80,0.1,0.3,0.01,16,5000,250,0
4.86442747810121,snow_imposed,130,80,0.1,0.3,0.01,16,5000,250,0
4.89273488922236,snow_imposed,100,30,0.2,0.3,0.01,16,5000,250,0.2383
5.00839338432415,snow_imposed,110,30,0.2,0.3,0.01,16,5000,250,0.2383
5.0938504686675,snow_imposed,120,30,0.2,0.3,0.01,16,5000,250,0.2383
5.15858896926111,snow_imposed,130,30,0.2,0.3,0.01,16,5000,250,0.2383
4.77133916081514,snow_imposed,100,60,0.2,0.3,0.01,16,5000,250,0.2383
4.88445776731477,snow_imposed,110,60,0.2,0.3,0.01,16,5000,250,0.2383
4.96839911667291,snow_imposed,120,60,0.2,0.3,0.01,16,5000,250,0.2383
5.03222314922631,snow_imposed,130,60,0.2,0.3,0.01,16,5000,250,0.2383
4.82130514646087,snow_imposed,100,80,0.2,0.3,0.01,16,5000,250,0.2383
4.93657271399988,snow_imposed,110,80,0.2,0.3,0.01,16,5000,250,0.2383
5.02194722555785,snow_imposed,120,80,0.2,0.3,0.01,16,5000,250,0.2383
5.0867340355963,snow_imposed,130,80,0.2,0.3,0.01,16,5000,250,0.2383
5.031602083086,snow_imposed,100,30,0.3,0.3,0.01,16,5000,250,0.8639
5.13953792201326,snow_imposed,110,30,0.3,0.3,0.01,16,5000,250,0.8639
5.21756397797361,snow_imposed,120,30,0.3,0.3,0.01,16,5000,250,0.8639
5.07530826579037,snow_imposed,130,30,0.3,0.3,0.01,16,5000,250,0.8639
4.9143902866157,snow_imposed,100,60,0.3,0.3,0.01,16,5000,250,0.8639
5.02061574149489,snow_imposed,110,60,0.3,0.3,0.01,16,5000,250,0.8639
5.09781968453952,snow_imposed,120,60,0.3,0.3,0.01,16,5000,250,0.8639
5.15557255160109,snow_imposed,130,60,0.3,0.3,0.01,16,5000,250,0.8639
4.96246397966171,snow_imposed,100,80,0.3,0.3,0.01,16,5000,250,0.8639
5.07024270950585,snow_imposed,110,80,0.3,0.3,0.01,16,5000,250,0.8639
5.14834930682586,snow_imposed,120,80,0.3,0.3,0.01,16,5000,250,0.8639
5.01343179314911,snow_imposed,130,80,0.3,0.3,0.01,16,5000,250,0.8639
4.62431961693832,snow_imposed,100,30,0.4,0.3,0.01,16,5000,250,0.9295
4.66362805726262,snow_imposed,110,30,0.4,0.3,0.01,16,5000,250,0.9295
4.69249724239793,snow_imposed,120,30,0.4,0.3,0.01,16,5000,250,0.9295
4.71438518197826,snow_imposed,130,30,0.4,0.3,0.01,16,5000,250,0.9295
4.53433918623141,snow_imposed,100,60,0.4,0.3,0.01,16,5000,250,0.9295
4.57318601459388,snow_imposed,110,60,0.4,0.3,0.01,16,5000,250,0.9295
4.6017499834214,snow_imposed,120,60,0.4,0.3,0.01,16,5000,250,0.9295
4.6234214292037,snow_imposed,130,60,0.4,0.3,0.01,16,5000,250,0.9295
4.56699449579553,snow_imposed,100,80,0.4,0.3,0.01,16,5000,250,0.9295
4.60616232250136,snow_imposed,110,80,0.4,0.3,0.01,16,5000,250,0.9295
4.63494130507615,snow_imposed,120,80,0.4,0.3,0.01,16,5000,250,0.9295
4.65675373439876,snow_imposed,130,80,0.4,0.3,0.01,16,5000,250,0.9295
4.35729366631052,snow_imposed,100,30,0.5,0.3,0.01,16,5000,250,0.715
4.38612318781333,snow_imposed,110,30,0.5,0.3,0.01,16,5000,250,0.715
4.40746130537951,snow_imposed,120,30,0.5,0.3,0.01,16,5000,250,0.715
4.42374290720278,snow_imposed,130,30,0.5,0.3,0.01,16,5000,250,0.715
4.27437136825677,snow_imposed,100,60,0.5,0.3,0.01,16,5000,250,0.715
4.3027739143989,snow_imposed,110,60,0.5,0.3,0.01,16,5000,250,0.715
4.32382414912269,snow_imposed,120,60,0.5,0.3,0.01,16,5000,250,0.715
4.3399048202445,snow_imposed,130,60,0.5,0.3,0.01,16,5000,250,0.715
4.30347925410073,snow_imposed,100,80,0.5,0.3,0.01,16,5000,250,0.715
4.3320941851276,snow_imposed,110,80,0.5,0.3,0.01,16,5000,250,0.715
4.35326286817531,snow_imposed,120,80,0.5,0.3,0.01,16,5000,250,0.715
4.36951770458686,snow_imposed,130,80,0.5,0.3,0.01,16,5000,250,0.715
4.1310202959601,snow_imposed,100,30,0.6,0.3,0.01,16,5000,250,0.2383
4.15342505309013,snow_imposed,110,30,0.6,0.3,0.01,16,5000,250,0.2383
4.17010102114319,snow_imposed,120,30,0.6,0.3,0.01,16,5000,250,0.2383
4.18287284051284,snow_imposed,130,30,0.6,0.3,0.01,16,5000,250,0.2383
4.05358467057185,snow_imposed,100,60,0.6,0.3,0.01,16,5000,250,0.2383
4.07558621015598,snow_imposed,110,60,0.6,0.3,0.01,16,5000,250,0.2383
4.09200284698901,snow_imposed,120,60,0.6,0.3,0.01,16,5000,250,0.2383
4.10452714417122,snow_imposed,130,60,0.6,0.3,0.01,16,5000,250,0.2383
4.08009074096251,snow_imposed,100,80,0.6,0.3,0.01,16,5000,250,0.2383
4.1022668922785,snow_imposed,110,80,0.6,0.3,0.01,16,5000,250,0.2383
4.11884132073509,snow_imposed,120,80,0.6,0.3,0.01,16,5000,250,0.2383
4.13146911073229,snow_imposed,130,80,0.6,0.3,0.01,16,5000,250,0.2383
3.938980005925,snow_imposed,100,30,0.7,0.3,0.01,16,5000,250,0.0715
3.95705562274993,snow_imposed,110,30,0.7,0.3,0.01,16,5000,250,0.0715
3.97056834643255,snow_imposed,120,30,0.7,0.3,0.01,16,5000,250,0.0715
3.98098416534299,snow_imposed,130,30,0.7,0.3,0.01,16,5000,250,0.0715
3.86605357685129,snow_imposed,100,60,0.7,0.3,0.01,16,5000,250,0.0715
3.88378079142117,snow_imposed,110,60,0.7,0.3,0.01,16,5000,250,0.0715
3.89702403473438,snow_imposed,120,60,0.7,0.3,0.01,16,5000,250,0.0715
3.90725841570097,snow_imposed,130,60,0.7,0.3,0.01,16,5000,250,0.0715
3.89054035689389,snow_imposed,100,80,0.7,0.3,0.01,16,5000,250,0.0715
3.90842024216723,snow_imposed,110,80,0.7,0.3,0.01,16,5000,250,0.0715
3.92177860771488,snow_imposed,120,80,0.7,0.3,0.01,16,5000,250,0.0715
3.9320963777091,snow_imposed,130,80,0.7,0.3,0.01,16,5000,250,0.0715
3.77431583190522,snow_imposed,100,30,0.8,0.3,0.01,16,5000,250,0
3.78935875204997,snow_imposed,110,30,0.8,0.3,0.01,16,5000,250,0
3.80060438631295,snow_imposed,120,30,0.8,0.3,0.01,16,5000,250,0
3.80923889646321,snow_imposed,130,30,0.8,0.3,0.01,16,5000,250,0
3.70529085091895,snow_imposed,100,60,0.8,0.3,0.01,16,5000,250,0
3.71990020923861,snow_imposed,110,60,0.8,0.3,0.01,16,5000,250,0
3.73089306474728,snow_imposed,120,60,0.8,0.3,0.01,16,5000,250,0
3.73939988050251,snow_imposed,130,60,0.8,0.3,0.01,16,5000,250,0
3.72804324229224,snow_imposed,100,80,0.8,0.3,0.01,16,5000,250,0
3.74281600054938,snow_imposed,110,80,0.8,0.3,0.01,16,5000,250,0
3.75391958153495,snow_imposed,120,80,0.8,0.3,0.01,16,5000,250,0
3.76247487413776,snow_imposed,130,80,0.8,0.3,0.01,16,5000,250,0
3.63161156632144,snow_imposed,100,30,0.9,0.3,0.01,16,5000,250,0
3.64428849508418,snow_imposed,110,30,0.9,0.3,0.01,16,5000,250,0
3.65381950272534,snow_imposed,120,30,0.9,0.3,0.01,16,5000,250,0
3.6611515621907,snow_imposed,130,30,0.9,0.3,0.01,16,5000,250,0
3.56601144210321,snow_imposed,100,60,0.9,0.3,0.01,16,5000,250,0
3.57837660628886,snow_imposed,110,60,0.9,0.3,0.01,16,5000,250,0
3.58769393189293,snow_imposed,120,60,0.9,0.3,0.01,16,5000,250,0
3.59488772517664,snow_imposed,130,60,0.9,0.3,0.01,16,5000,250,0
3.58746843303613,snow_imposed,100,80,0.9,0.3,0.01,16,5000,250,0
3.59995622217395,snow_imposed,110,80,0.9,0.3,0.01,16,5000,250,0
3.60929600008459,snow_imposed,120,80,0.9,0.3,0.01,16,5000,250,0
3.61654021208895,snow_imposed,130,80,0.9,0.3,0.01,16,5000,250,0
4.35680440036833,snow_imposed,100,30,0.1,0.5,0.01,16,5000,250,0
4.39239353045182,snow_imposed,110,30,0.1,0.5,0.01,16,5000,250,0
4.41881033596566,snow_imposed,120,30,0.1,0.5,0.01,16,5000,250,0
4.43897453948242,snow_imposed,130,30,0.1,0.5,0.01,16,5000,250,0
4.2669700085549,snow_imposed,100,60,0.1,0.5,0.01,16,5000,250,0
4.30187176651508,snow_imposed,110,60,0.1,0.5,0.01,16,5000,250,0
4.32780890860468,snow_imposed,120,60,0.1,0.5,0.01,16,5000,250,0
4.34764143373168,snow_imposed,130,60,0.1,0.5,0.01,16,5000,250,0
4.29906866230334,snow_imposed,100,80,0.1,0.5,0.01,16,5000,250,0
4.33434739231851,snow_imposed,110,80,0.1,0.5,0.01,16,5000,250,0
4.36053034515069,snow_imposed,120,80,0.1,0.5,0.01,16,5000,250,0
4.38056137038437,snow_imposed,130,80,0.1,0.5,0.01,16,5000,250,0
4.48116907327253,snow_imposed,100,30,0.2,0.5,0.01,16,5000,250,0.1972
4.51879305572391,snow_imposed,110,30,0.2,0.5,0.01,16,5000,250,0.1972
4.54665312802013,snow_imposed,120,30,0.2,0.5,0.01,16,5000,250,0.1972
4.56799266432054,snow_imposed,130,30,0.2,0.5,0.01,16,5000,250,0.1972
4.39115895552209,snow_imposed,100,60,0.2,0.5,0.01,16,5000,250,0.1972
4.42805795049123,snow_imposed,110,60,0.2,0.5,0.01,16,5000,250,0.1972
4.45542836744945,snow_imposed,120,60,0.2,0.5,0.01,16,5000,250,0.1972
4.47629129371215,snow_imposed,130,60,0.2,0.5,0.01,16,5000,250,0.1972
4.4235323691511,snow_imposed,100,80,0.2,0.5,0.01,16,5000,250,0.1972
4.46089320993189,snow_imposed,110,80,0.2,0.5,0.01,16,5000,250,0.1972
4.48849049948567,snow_imposed,120,80,0.2,0.5,0.01,16,5000,250,0.1972
4.50965135440878,snow_imposed,130,80,0.2,0.5,0.01,16,5000,250,0.1972
4.62805607262949,snow_imposed,100,30,0.3,0.5,0.01,16,5000,250,0.715
4.66831130182185,snow_imposed,110,30,0.3,0.5,0.01,16,5000,250,0.715
4.69808620819528,snow_imposed,120,30,0.3,0.5,0.01,16,5000,250,0.715
4.72077894033042,snow_imposed,130,30,0.3,0.5,0.01,16,5000,250,0.715
4.53755924956125,snow_imposed,100,60,0.3,0.5,0.01,16,5000,250,0.715
4.57708943349353,snow_imposed,110,60,0.3,0.5,0.01,16,5000,250,0.715
4.60634050914918,snow_imposed,120,60,0.3,0.5,0.01,16,5000,250,0.715
4.62865427546653,snow_imposed,130,60,0.3,0.5,0.01,16,5000,250,0.715
4.5704625892458,snow_imposed,100,80,0.3,0.5,0.01,16,5000,250,0.715
4.61039777895333,snow_imposed,110,80,0.3,0.5,0.01,16,5000,250,0.715
4.63995950148917,snow_imposed,120,80,0.3,0.5,0.01,16,5000,250,0.715
4.66249603728913,snow_imposed,130,80,0.3,0.5,0.01,16,5000,250,0.715
4.80126804470389,snow_imposed,100,30,0.4,0.5,0.01,16,5000,250,0.7692
4.84521787285314,snow_imposed,110,30,0.4,0.5,0.01,16,5000,250,0.7692
4.87762460512298,snow_imposed,120,30,0.4,0.5,0.01,16,5000,250,0.7692
4.9022761439229,snow_imposed,130,30,0.4,0.5,0.01,16,5000,250,0.7692
4.71005461257535,snow_imposed,100,60,0.4,0.5,0.01,16,5000,250,0.7692
4.75323447730024,snow_imposed,110,60,0.4,0.5,0.01,16,5000,250,0.7692
4.78508728410245,snow_imposed,120,60,0.4,0.5,0.01,16,5000,250,0.7692
4.80934140233239,snow_imposed,130,60,0.4,0.5,0.01,16,5000,250,0.7692
4.74363709426378,snow_imposed,100,80,0.4,0.5,0.01,16,5000,250,0.7692
4.78726265189402,snow_imposed,110,80,0.4,0.5,0.01,16,5000,250,0.7692
4.81945258429819,snow_imposed,120,80,0.4,0.5,0.01,16,5000,250,0.7692
4.84394946795559,snow_imposed,130,80,0.4,0.5,0.01,16,5000,250,0.7692
4.72131761465483,snow_imposed,100,30,0.5,0.5,0.01,16,5000,250,0.5917
4.75595120287195,snow_imposed,110,30,0.5,0.5,0.01,16,5000,250,0.5917
4.78146629877691,snow_imposed,120,30,0.5,0.5,0.01,16,5000,250,0.5917
4.80088020301899,snow_imposed,130,30,0.5,0.5,0.01,16,5000,250,0.5917
4.63660171858138,snow_imposed,100,60,0.5,0.5,0.01,16,5000,250,0.5917
4.67077800238408,snow_imposed,110,60,0.5,0.5,0.01,16,5000,250,0.5917
4.69599420143177,snow_imposed,120,60,0.5,0.5,0.01,16,5000,250,0.5917
4.71514606975656,snow_imposed,130,60,0.5,0.5,0.01,16,5000,250,0.5917
4.66703127920855,snow_imposed,100,80,0.5,0.5,0.01,16,5000,250,0.5917
4.70151433088306,snow_imposed,110,80,0.5,0.5,0.01,16,5000,250,0.5917
4.72687862875956,snow_imposed,120,80,0.5,0.5,0.01,16,5000,250,0.5917
4.74617607615471,snow_imposed,130,80,0.5,0.5,0.01,16,5000,250,0.5917
4.42170122130291,snow_imposed,100,30,0.6,0.5,0.01,16,5000,250,0.1972
4.4477449419159,snow_imposed,110,30,0.6,0.5,0.01,16,5000,250,0.1972
4.46708525684782,snow_imposed,120,30,0.6,0.5,0.01,16,5000,250,0.1972
4.48183675511493,snow_imposed,130,30,0.6,0.5,0.01,16,5000,250,0.1972
4.34279567258412,snow_imposed,100,60,0.6,0.5,0.01,16,5000,250,0.1972
4.3684242405817,snow_imposed,110,60,0.6,0.5,0.01,16,5000,250,0.1972
4.38740926236256,snow_imposed,120,60,0.6,0.5,0.01,16,5000,250,0.1972
4.40197329914481,snow_imposed,130,60,0.6,0.5,0.01,16,5000,250,0.1972
4.37028235007002,snow_imposed,100,80,0.6,0.5,0.01,16,5000,250,0.1972
4.39611246339546,snow_imposed,110,80,0.6,0.5,0.01,16,5000,250,0.1972
4.41531685463034,snow_imposed,120,80,0.6,0.5,0.01,16,5000,250,0.1972
4.42995352140337,snow_imposed,130,80,0.6,0.5,0.01,16,5000,250,0.1972
4.15394227188598,snow_imposed,100,30,0.7,0.5,0.01,16,5000,250,0.0592
4.17425457498015,snow_imposed,110,30,0.7,0.5,0.01,16,5000,250,0.0592
4.18942490419891,snow_imposed,120,30,0.7,0.5,0.01,16,5000,250,0.0592
4.20108089890915,snow_imposed,130,30,0.7,0.5,0.01,16,5000,250,0.0592
4.07971107916689,snow_imposed,100,60,0.7,0.5,0.01,16,5000,250,0.0592
4.09965427354175,snow_imposed,110,60,0.7,0.5,0.01,16,5000,250,0.0592
4.11454489984661,snow_imposed,120,60,0.7,0.5,0.01,16,5000,250,0.0592
4.12598825446453,snow_imposed,130,60,0.7,0.5,0.01,16,5000,250,0.0592
4.10493279867932,snow_imposed,100,80,0.7,0.5,0.01,16,5000,250,0.0592
4.12505607142456,snow_imposed,110,80,0.7,0.5,0.01,16,5000,250,0.0592
4.14007251410138,snow_imposed,120,80,0.7,0.5,0.01,16,5000,250,0.0592
4.15161249130237,snow_imposed,130,80,0.7,0.5,0.01,16,5000,250,0.0592
3.91497801817681,snow_imposed,100,30,0.8,0.5,0.01,16,5000,250,0
3.93129473929478,snow_imposed,110,30,0.8,0.5,0.01,16,5000,250,0
3.94349226530771,snow_imposed,120,30,0.8,0.5,0.01,16,5000,250,0
3.95289009254861,snow_imposed,130,30,0.8,0.5,0.01,16,5000,250,0
3.84498650939335,snow_imposed,100,60,0.8,0.5,0.01,16,5000,250,0
3.86095406162346,snow_imposed,110,60,0.8,0.5,0.01,16,5000,250,0
3.87289953371437,snow_imposed,120,60,0.8,0.5,0.01,16,5000,250,0
3.88207615088646,snow_imposed,130,60,0.8,0.5,0.01,16,5000,250,0
3.86830002465619,snow_imposed,100,80,0.8,0.5,0.01,16,5000,250,0
3.88441877898918,snow_imposed,110,80,0.8,0.5,0.01,16,5000,250,0
3.89647219045223,snow_imposed,120,80,0.8,0.5,0.01,16,5000,250,0
3.90573856702981,snow_imposed,130,80,0.8,0.5,0.01,16,5000,250,0
3.70059413033287,snow_imposed,100,30,0.9,0.5,0.01,16,5000,250,0
3.71379560827247,snow_imposed,110,30,0.9,0.5,0.01,16,5000,250,0
3.72378642065213,snow_imposed,120,30,0.9,0.5,0.01,16,5000,250,0
3.731408977099,snow_imposed,130,30,0.9,0.5,0.01,16,5000,250,0
3.63446385286094,snow_imposed,100,60,0.9,0.5,0.01,16,5000,250,0
3.64740030032317,snow_imposed,110,60,0.9,0.5,0.01,16,5000,250,0
3.65708047063081,snow_imposed,120,60,0.9,0.5,0.01,16,5000,250,0
3.6645736168259,snow_imposed,130,60,0.9,0.5,0.01,16,5000,250,0
3.65611630116603,snow_imposed,100,80,0.9,0.5,0.01,16,5000,250,0
3.66915877479207,snow_imposed,110,80,0.9,0.5,0.01,16,5000,250,0
3.67899158345703,snow_imposed,120,80,0.9,0.5,0.01,16,5000,250,0
3.68652694260045,snow_imposed,130,80,0.9,0.5,0.01,16,5000,250,0
